id,en,jp,trans
0-chapter_name,,第40章　謀略の果て,第40章  谋略终结
0-synopsis,,危うい所でフリーシアの手を逃れた一行に、帝国兵達が決死の覚悟で追いすがる。満身創痍の姬塔達は、それを全力で迎え撃つのであった。,众人在千钧一发之际逃离了芙莉西雅魔爪。然而一行人身后，还有帝国兵在拼命追击。满身疮痍的姬塔等人只好全力迎击。
0,,くそっ！　逃がすか！,可恶！给我站住！
1,,あれだけの目に遭っても、<br>帝国は裏切れねぇってのか……,上头对他们那么狠，他们也还是不背叛帝国么……
2,,悪いが手加減してやれる余裕はない！<br>一気に突破するぞ！<br>姬塔！,我们也没有手下留情的余力了！一鼓作气突破包围，姬塔！
info,,1,scene_cp40_q4_s20