id,en,jp,trans
0-chapter_name,,第43章　英雄の血,第43章  英雄的血脉
0-synopsis,,ガンダルヴァの追跡を振り切り、何とか逃げおおせた姬塔一行。ラカムは先ほど見たリーシャの秘めた力に驚愕の声を漏らすが、リーシャはそれについて頑なに語ろうとしない。カタリナは森の拠点へ一度戻るべきだと提案し、リーシャはその提案に従う。こうして姬塔達は森の拠点まで引き返すこととなった。,姬塔等人甩掉健达缚的追兵，顺利逃脱。拉卡姆惊叹莉夏方才爆发出的力量，但莉夏并不愿多说。卡塔莉娜提出先回林中据点，莉夏也表示同意。于是姬塔等人开始回程。
0,,…………,…………
1,,さっきから兵士は追って来てるが、<br>あの中将は来てねぇみてぇだな。,士兵还在追我们，但那个中将貌似没追来啊。
2,,しかし、<br>さっきのにはビックリしたぜ……,不过，刚才真是被你吓了一跳……
3,,…………,…………
4,,とにかくいまは<br>森の中の拠点に戻ろう。<br>リーシャ殿も、それで構わないな？,总之我们先回森林的据点吧。莉夏呢，这样没问题吧？
5,,はい……,嗯……
info,,1,scene_cp43_q3_s20