id,en,jp,trans
0-chapter_name,,第40章　謀略の果て,第40章  谋略终结
0-synopsis,,神殿の奥へと進む姬塔達の前に無数の帝国兵達が押し寄せる。もはや退き下がる策など持たない一行は、真正面から戦いを挑むのであった。,姬塔等人深入神殿，遭遇了无数帝国兵的迎击。早已决定不退缩的众人选择与之正面交战。
0,,来たな……<br>全隊構え！　迎撃態勢をとれ！,他们来了……所有人准备！进入战斗状态！
1,,…………,…………
2,,おっと……<br>こりゃまた大層な<br>お出迎えだなぁ、おい。,哎……这还真是盛大的欢迎啊。
3,,連中が湧いて出てくるってこたぁ、<br>いよいよここで、<br>間違いないみてぇだな！,既然他们出现在这里，看来我们找对地方了。
4,,ふん……<br>決戦前の前哨戦だ……<br>派手に蹴散らすぞ！！,哼……决战前的前哨站……把他们一扫而光！！
info,,1,scene_cp40_q2_s10