id,en,jp,trans
0-chapter_name,,エンディング,Ending
0-synopsis,,ポセイドンとの死闘を終えたユーリは、「帝国を止められるのはお前達しかいない」と、姬塔の騎空団への入団を希望する。そこに、ユーリの部隊の隊長が現れ、「貴様は死んだ事にしておいてやる」とユーリに告げる。そして、ユーリは帝国軍から離れ、姬塔の騎空団で新たな一歩を踏み出すのだった。," 结束了和波塞顿的死斗的尤利、说着「能阻止帝国军的就只有你们了」、希望能加入姬塔的骑空团。之后、尤利的队长出现了、和尤利说「我会对上面说你已经死了的」。然后、尤利离开了帝国军、在姬塔的骑空团里迈出了新的一步。<br>翻译报错到NGA@mirror0420"
0,,<span class='scene-font-katari'>こうしてポセイドンと</span><br><span class='scene-font-katari'>幾度に渡る死闘を繰り広げた一行。</span><br><span class='scene-font-katari'>沈む夕陽を背に、最後の戦いが始まる。</span>,<span class='scene-font-katari'>就这样和波塞顿</span><br><span class='scene-font-katari'>展开无数回合死斗的一行人。</span><br><span class='scene-font-katari'>以西沉的夕阳为背景、开始了最后一场战斗了。</span>
3,,愚……行！　この戦いを幾度繰り返す？<br>愚者は……限りを知らぬものか……," 愚……蠢！　这种战斗还想重复多少次？<br>愚者……都是不知道限度的吗……"
4,,ぜぇ、はぁ……！<br>これでもまだ、やるってのか！<br>ケジメ……つけてやる！," 呃、哈啊……！<br>都这样了、还能打吗！<br>差不多……要分胜负了！"
5,,幾度……戦いを挑もうと……<br>裁きを、下す！<br>島は奈落へ……葬り、去る！," 不管……和你打多少次……<br>制裁、降下！<br>把这个岛……送到、深渊去！"
6,,水神が鉾……受けよ！," 水神之矛……接招吧！"
7,,これで、決着だ……！," 这下就、分胜负了……！"
12,,ポセイドンの心が、<br>静かになっていきます……," 波塞顿的内心、<br>开始变得平静了……"
13,,膝をつかせたか、この水神に……," 竟然让我跪下了、让本水神……"
14,,人の子よ、貴様に免じよう。<br>裁きは……ここで下すまい。," 人之子啊、我就饶恕你吧。<br>制裁……不会对这里降下了。"
15,,だが、心せよ。<br>再び水神を愚弄するなら……<br>次こそ島を奈落へ葬る。," 不过、牢记于心。<br>再次愚弄水神的话……<br>下次肯定会把岛送进深渊的。"
16,,ああ、わかった……<br>覚えておくよ……," 啊啊、我知道了……<br>我会记得的……"
17,,<span class='scene-font-katari'>心の静まったポセイドンに</span><br><span class='scene-font-katari'>ルリアが近づく。</span>,<span class='scene-font-katari'>露丽亚走向了</span><br><span class='scene-font-katari'>内心平静下来的波塞顿。</span>
18,,<span class='scene-font-katari'>ポセイドンは光の断片となって</span><br><span class='scene-font-katari'>ルリアの体へ吸収された。</span>,<span class='scene-font-katari'>波塞顿变成光的碎片</span><br><span class='scene-font-katari'>被露丽亚的身体吸收了</span>
19,,……終わりました。," ……都结束了"
20,,ポセイドンは、<br>私の中で静かにしています。<br>もう、戦う気力も無いみたい。," 波塞顿、<br>在我的身体里过得很平静。<br>已经、没有要战斗的想法了。"
21,,お陰で助かった……<br>帝国軍も親父も、<br>悪者にならなくて済んだよ。," 多亏你们……<br>帝国军和父亲都、<br>不用成为坏人了。"
22,,もっとも、悪者にならずに済んだのは<br>今回に限った話かもしれないが……," 不过、没有成为坏人<br>也只不过是这一次就是了……"
23,,ユーリ……," 尤利……"
24,,ユーリのお父さんは悪者じゃないっす。<br>立派な方だったっす……," 尤利的父亲不是坏人的说。<br>他是位了不起的人物的说……"
25,,…………," …………"
26,,……カタリナ殿、ファラ、<br>姬塔殿。<br>頼みがある。," ……卡塔莉娜殿下、法拉、<br>姬塔殿下。<br>有件事想拜托你们。"
27,,俺を……<br>俺を、お前達の騎空団に入れてくれ！," 让我……<br>请让我、加入你们的骑空团！"
28,,都合のいい事を言ってるのは解ってる！<br>お前達を騙したのは許されない事だ！," 我知道这件事听上去只对我有好处！<br>骗了你们也是不应被饶恕的事！"
29,,だが……帝国を止められるのは<br>お前達しかいない！," 但是……能够阻止帝国的<br>就只有你们了！"
30,,これ以上、<br>帝国に悪事を働かせないために……<br>頼む！," 为了、<br>不让帝国继续做坏事……<br>拜托了！"
31,,フン……<br>また脱走兵か。<br>よりにもよって俺の隊からとはな。," 哼……<br>又是逃兵吗。<br>而且偏偏还是我队里的。"
32,,た、隊長！," 队、队长！"
33,,どちらにせよ……<br>もう帝国軍に貴様の居場所など無い。<br>ポンメルン大尉を殴った時点で除隊だ。," 不管怎样……<br>帝国军里已经没有你的位置了。<br>从你打伯梅伦大尉的那一刻起你就被开除了。"
34,,兜をよこせ。<br>貴様は死んだ事にしておいてやる。<br>俺が……ケジメをつけたと言っておく。," 把头盔给我。<br>我会向上面报告你已经死了的。<br>是我……亲手了结了你的。"
35,,た、隊長……," 队、队长……"
36,,いえ、まだです、隊長！," 不、还不能给你、队长！"
37,,誇り高き帝国軍人として……<br>最後のケジメをつけさせてください！," 作为崇高的帝国军人……<br>请让我把最后一件事了结了吧！"
38,,フン、とことん面倒事が好きな奴め。," 哼、你到最后还是喜欢这种麻烦事啊。"
39,,いいだろう！　好きにやれ！<br>見届けてやる！," 好吧！　随便你做吧！<br>我会见证这一切的！"
40,,姬塔殿！<br>今から俺を……俺を、殴れ！," 姬塔殿下！<br>现在请你把我……把我、打一顿吧！"
41,,ええーっ！？<br>ユーリさん！？<br>な、殴れって！," 欸欸！？<br>尤利！？<br>打、打一顿！"
42,,お、おいぃ！<br>兄ちゃん一体何言い出すんだ！？," 喂、喂！<br>小哥你到底在说什么啊！？"
43,,俺はこの帝国の甲冑を着て<br>全力で戦う！," 我会穿着这副帝国的盔甲<br>全力战斗！"
44,,あんたら相手じゃ<br>無事では済まんだろう……<br>そうして、帝国兵としての俺は死ぬ！," 对手是你的话<br>肯定不能全身而退的……<br>然后、作为帝国兵的我就会在这里死去！"
45,,いくぞ！<br>真剣勝負だ！<br>手加減はするな！," 要上了！<br>这是认真的！<br>不要手下留情！"
48,,"<span class='scene-font-katari'>兜の奥で光る</span><br>
<span class='scene-font-katari'>ユーリの眼差しに応えるように、</span><br>
<span class='scene-font-katari'>姬塔は手甲の紐を締め直した。</span>","<span class='scene-font-katari'>回应尤利他</span><br>
<span class='scene-font-katari'>头盔下闪耀的眼神、</span><br>
<span class='scene-font-katari'>姬塔把袖套的绳子重新绑好。</span>"
49,,"<span class='scene-font-katari'>ユーリが突進する。</span><br>
<span class='scene-font-katari'>その顔面に姬塔は</span><br>
<span class='scene-font-katari'>渾身の一撃を見舞った。</span>","<span class='scene-font-katari'>尤利向前冲刺。</span><br>
<span class='scene-font-katari'>姬塔向他的脸上</span><br>
<span class='scene-font-katari'>使出了浑身一击。</span>"
50,,"<span class='scene-font-katari'>兜がひしゃげ、ユーリは崩れ落ちる。</span><br>
<span class='scene-font-katari'>倒れた彼が再び立ち上がるまでを、</span><br>
<span class='scene-font-katari'>その場の全員が静かに見守っていた。</span>","<span class='scene-font-katari'>头盔被打扁、尤利倒下了。</span><br>
<span class='scene-font-katari'>在他重新站起来之前、</span><br>
<span class='scene-font-katari'>在场的所有人都只是静静地看着</span>"
52,,気は済んだか？," 满足了吗？"
53,,ええ……<br>燃えつきました。," 嗯嗯……<br>已经燃尽了。"
54,,団長殿、カタリナ中尉。ユーリを頼む。<br>面倒を見てやってくれ。," 团长殿下、卡塔莉娜中尉。尤利就拜托了。<br>请你多照顾他吧。"
55,,フッ。<br>任せておけ。," 嗯。<br>交给我吧。"
56,,鍛錬は怠るなよ、ユーリ。<br>次に会う時は……敵同士だ。," 不要怠慢锻錬啊、尤利。<br>下次见面的时候……我们就是敌人了。"
57,,隊長……," 队长……"
58,,今までお世話に……<br>お世話になりました！," 一直以来都……<br>受你关照了！"
60,,<span class='scene-font-katari'>こうして、若き帝国兵は</span><br><span class='scene-font-katari'>帝国軍から巣立っていった。</span>,<span class='scene-font-katari'>就这样、年轻的帝国兵</span><br><span class='scene-font-katari'>离开帝国军独立了。</span>
61,,<span class='scene-font-katari'>赤き夕陽に照らされた彼の頬。</span><br><span class='scene-font-katari'>そこに光るものは、戦いで流した血か、</span><br><span class='scene-font-katari'>それとも別れの涙か……</span>,<span class='scene-font-katari'>红色的夕阳照耀着他的双颊</span><br><span class='scene-font-katari'>在脸上闪闪发亮的、是战斗时所流下的血、</span><br><span class='scene-font-katari'>还有因离别而流下的泪水……</span>
63,,それにしても、<br>ユーリも成長したもんっすね～！," 不过、<br>尤利也成长了不少呢～！"
64,,フッ……<br>帝国兵としての俺は死に……<br>文字通り一皮むけたというところか！," 哼……<br>帝国兵的我已经死了……<br>字面意思上的脱胎换骨了呢！"
65,,よ、よくわかんねぇけど<br>そういう事なのか？," 虽、虽然听不太懂<br>是这样的吗？"
66,,おう！ そうだ！,哦！没错！
67,,やれやれ。<br>ファラだけでも騒がしいというのに<br>輪をかけて賑やかになりそうだな。," 哎啊哎啊。<br>法拉一个就已经够热闹了啊<br>看来以后变得更热闹了啊。"
68,,<span class='scene-font-katari'>若き義勇の振るう剣</span><br>　<br><span class='scene-font-katari'>　　　　　　　　　　　　────おわり</span>,<span class='scene-font-katari'>年轻义勇所挥舞的剑</span><br><br>　<span class='scene-font-katari'>　　　　　　　　　　　　────完<br>　　　　　　　　　　　　翻译: 肆月贰拾</span>
info,,1,scene_evt140930_cp0_q2_s10
,,,