id,en,jp,trans
0-chapter_name,,第46章　エルステ帝国皇帝,第46章  埃尔斯特帝国皇帝
0-synopsis,,カタリナの違和感は的中する。姬塔の家の中にはオルキスをよく知る人物が二人、一行を待ち構えていた。一人は星の民の生き残りにしてエルステ帝国初代皇帝を名乗るロキ、もう一人はロキにペットと呼ばれる星晶獣のフェンリルだった。ロキは空腹に苛立つフェンリルをけしかけ、突如、村人達を襲わせる。,卡塔莉娜的预感是对的。姬塔家中有两个熟知欧尔基斯的人物等着众人前来。其一是幸存的星之民，自称埃尔斯特帝国初代皇帝的洛基。其二是被洛基称为宠物的星晶兽芬里尔。洛基指使饥饿的芬里尔袭击村民。
0,,待て……<br>何か様子がおかしい……,等一下……有些不对劲……
1,,<span class='scene-font-katari'>ビィの封印に関する手がかりを得るため</span><br><span class='scene-font-katari'>姬塔の家へと足を向けた一行を、</span><br><span class='scene-font-katari'>カタリナは制止する。</span>,<span class='scene-font-katari'>一行人为了寻找有关封印的线索，来到了姬塔的家。但卡塔莉娜制止众人进入其中。</span>
2,,なんだよ？<br>様子がおかしいって……<br>別に普通の家だろ？,怎么了？你说不对劲……这不就是很普通的屋子吗？
3,,家はな。<br>しかし……中から人の気配がする。,是很普通。但是……里面有人。
4,,っ！？<br>嘘だろ！？<br>オイラ達以外に、誰が……,嗯！？真的假的！？除了咱们，还有谁会……
5,,まさか親父さんが……！？<br>帰って来てるのか！？,难道说是姬塔的父亲……！？回来了吗！？
7,,ビィ君！？<br>待つんだビィ君っ！！,阿碧！等一下，阿碧！！
8,,<span class='scene-font-katari'>カタリナの制止も聞かず、</span><br><span class='scene-font-katari'>ビィは姬塔の家へと飛び込む。</span>,<span class='scene-font-katari'>阿碧不听卡塔莉娜劝阻，冲进家门。</span>
9,,<span class='scene-font-katari'>しかし、そこでビィを迎えたのは、</span><br><span class='scene-font-katari'>思いもよらない人物だった。</span>,<span class='scene-font-katari'>然而，迎接它的是意想不到的面孔。</span>
12,,やぁ、トカゲ君。<br>お邪魔してるよ。,你好啊，小蜥蜴，我在你家做客呢。
13,,お前っ……！？,你是……！？
14,,ふん……,哼……
15,,<span class='scene-font-katari'>ビィに続いて、</span><br><span class='scene-font-katari'>一同が家に入ってくるが、</span><br><span class='scene-font-katari'>その誰もが目を丸くしたのだった。</span>,<span class='scene-font-katari'>众人跟着阿碧走进家门，随后一齐瞠目结舌。</span>
16,,貴方……誰？,你是……谁？
17,,おっと……君がそれを聞く？<br>ま、覚えてなくても無理はないか……,哎……你问我是谁？算了，你不记得我也正常吧……
18,,覚えて……？<br>じゃあ、貴方は私と……？,记得……？那，我和你……？
19,,立場も変わったからね。<br>改めて名乗らせてもらうよ。,毕竟我的立场也变了，还是在这里重新介绍一下自己吧。
20,,僕の名前はロキ。<br>かつてこの空に降り立った<br>誇り高き星の民の生き残りであり……,我名叫洛基。是曾经降临在天空世界的高贵星之民的幸存者……
21,,エルステ帝国初代皇帝のロキだ。<br>よろしくね。,以及埃尔斯特帝国初代皇帝洛基。请多指教哦。
22,,ほ、星の民で。<br>エルステの皇帝だと……！？,星、星之民，埃尔斯特的皇帝……！？
23,,お、おいおいおーい！<br>嘘はよくないなぁ、少年。,喂、喂喂喂！说谎可不好啊，少年。
24,,僕達だってねぇ、<br>何も知らないわけじゃないのよ？,我们也不是一无所知。
25,,エルステ王国から続く、<br>エルステ帝国の皇帝になれる血筋なんて、<br>もうオルキスちゃん以外には……,埃尔斯特王国传承下来的，能够成为埃尔斯特帝国皇帝的血脉，只剩下欧尔基斯……
26,,それはどうかな？<br>君が言っているのは、<br>オルキスの母方の血筋のことだろ？,是吗？你说的，是欧尔基斯母方的血缘吧？
27,,エルステ王国最後の女王の夫、<br>オルキスの父親……<br>ビューレイストは僕の兄さんさ。,埃尔斯特王国最后一位女王的丈夫，欧尔基斯的父亲……贝莱斯特是我的哥哥。
28,,これなら僕にも、<br>エルステの皇帝になる権利は<br>あるんじゃないかな？,那么，我也有成为埃尔斯特帝国皇帝的权利吧？
29,,オ、オルキスちゃんの……<br>お父さんの……？<br>そ、それって……,欧尔基斯的……父亲的……？那、就是说……
30,,私の……叔父さん？,你是……我的叔叔？
31,,そうだね。<br>その通りだ。,是啊。没错。
32,,でも、オルキス。僕は君が大っ嫌いだ。<br>二度と叔父さんなんて<br>呼ばないでおくれよ。,可是呢，欧尔基斯。我非常讨厌你。别再叫我叔叔了。
33,,…………,…………
34,,ったくよぉ……ロキ！<br>お前は話がなげーんだよ！,真是的……洛基！你太啰嗦了！
35,,ああ、ごめんごめん！<br>この子の紹介を忘れてたね。,啊，抱歉抱歉。我忘记介绍它了。
36,,この子は僕のペットのフェンリル。<br>星晶獣のフェンリルだ。,它是我的宠物芬里尔。星晶兽芬里尔。
37,,ちょっと躾がなってないところは、<br>大目に見てくれると嬉しいな。,它有些没礼貌，希望你们不要太在意。
38,,ちっ……<br>そんなのどうでもいいんだよ。,切……这种事无所谓啊。
39,,それよりロキ……<br>こいつらは喰っちまってもいいのか？,我说洛基……我可以吃了这些家伙吗？
40,,まったくもう……<br>フェンリル、お前は食いしん坊だな。<br>もうお腹が減ったのか？,真是的……芬里尔，你真是个小贪吃鬼。肚子又饿了吗？
41,,うるせぇ！<br>テメェの話がなげーのが悪いんだよ！,吵死了！都怪你话太多！
42,,仕方ないなぁ……<br>それなら、外で適当に食べておいでよ。<br>餌ならそこら中に居るだろ？,真没办法……那你去外面吃吧。外面应该有吃的吧？
43,,……いいのかよ？,……这也行？
44,,ああ、構わないよ。<br>元々閉ざされた島の村だからね。,啊，没关系。反正这里本来就是个与世隔绝的岛屿。
45,,村が丸ごと消えたところで、<br>誰も気に留めやしないさ。,就算整个村落消失，也没有人会发现的。
46,,村が丸ごと……？<br>っ！？　き、貴様、まさか！？,整个村落……？唔！？你、难道打算！？
47,,へへっ！<br>そーいうことなら、<br>遠慮はしねーぜ！,嘿嘿！那我就不客气了！
49,,き、消えた……？,消、消失了……？
50,,うわあああぁぁ！？,哇啊啊啊啊啊！？
51,,いまのは……！？,刚才那是！？
52,,ふふ……<br>フェンリルが食事を始めたみたいだね。,呵呵……看来芬里尔开始进食了。
53,,おっと……<br>礼儀正しくするように、と<br>言い忘れちゃったな……,哎呀……我忘记叫它注意自己的吃相了……
54,,お、おいおいおい……<br>このガキ……<br>どういう神経してんだ……？,喂、喂喂喂……这小鬼……到底在想什么啊……？
55,,とにかくやべぇ！<br>すぐに村の奴らを助けるぞ！<br>姬塔！,总之情况不妙！赶紧出去救村民吧！姬塔！
info,,1,scene_cp46_q3_s10