id,en,jp,trans
0-chapter_name,,第24章　不死の星晶獣,第24章  不死星晶兽
0-synopsis,,セレスト本体の居場所を探すのは自分に任せてほしい、と意気込むルリア。一行はスツルム、ドランクと共に群がる魔物達を倒しにかかる。,露丽亚兴致勃勃地主动担起寻找塞莱斯特本体的任务。一行人与斯特姆德朗克二人合作，一同向聚集在周围的魔兽攻去。
0,,だいぶ魔物も片付いてきたわね……<br>早くセレストの本体を、<br>探したいところだけど……,魔兽也差不多都解决了……接下来就尽快去寻找塞莱斯特的本体……
1,,星晶獣を探すのなら、<br>私に任せてください！,寻找星晶兽就交给我吧！
2,,セレストの本体なら、<br>きっと強い力を放ってるはずです！,塞莱斯特的本体应该会散发出强大的力量！
3,,適材適所……<br>魔物との戦闘はあたし達に任せろ。,适材适所……那么我们负责和魔兽战斗吧。
4,,おやおやぁ？<br>ついにスツルム殿も<br>やる気になって……痛ってぇ！？,哎呀呀？斯特姆阁下也终于有点干劲……好痛！？
5,,中途半端が嫌いなだけだ……<br>やるぞ、姬塔。<br>邪魔する魔物は返り討ちだ……！！,我只是讨厌半途而废……上吧，姬塔。让妨碍我们的魔兽好看……！！
info,,1,scene_cp24_q2_s10