id,en,jp,trans
0-chapter_name,,第37章　森に眠る歴史,第37章  林中沉眠的历史
0-synopsis,,秩序の騎空団の駐在所に近づくが、一行は不審な気配を感じ取る。ただならぬ気配と敵意に一行は警戒を高める。,一行人接近秩序骑空团的驻地，感到一种可疑的气息。非同寻常的压迫感和敌意使众人提高警惕。
0,,リーシャ殿の話では、<br>秩序の騎空団の駐在所があるのは<br>この先のはずだが……,按莉夏所说，秩序骑空团的驻地就在前面……
1,,確かに、何か妙な気配がするな……<br>得体の知れない何かが、<br>待ち受けているような……,的确，有种可疑的气息……感觉有什么守在里面……
2,,どんな奴が待ってるのか知らねぇが、<br>この気配は、<br>ただ者じゃねぇなぁ、おい。,虽然不知道是谁，但这种气息不同寻常啊。
3,,けど、話は通ってるんだろ？<br>だったら、<br>そんなに警戒する必要は……,不过，莉夏已经帮我们联络好了吧？那我们也不用那么警惕……
4,,いや……<br>警戒を解くべきではなさそうだ……,不……不能放松警戒……
5,,明らかな敵意を感じる……<br>決して油断するんじゃないぞ、<br>姬塔。,我能感到明显的敌意……绝对不要大意了，姬塔。
info,,1,scene_cp37_q4_s20